Month_Number,Predicted Sales
37,319681.2634920635
38,320943.49244959245
39,322205.7214071214
40,323467.95036465034
41,324730.1793221793
42,325992.4082797083
